android,com.openmygame.games.android.jigsawpuzzle
android,com.lemonsquad.simulatorbs
android,com.games.joinblocks
android,com.openmygame.games.android.wordpizza
android,com.PoxelStudios.DudeTheftAuto
android,com.kraftwerk9.rokie
android,me.filmeshd.mega
android,org.aastudio.games.longnards
android,com.MadOut.BIG
android,com.tellurionmobile.realmcraft
android,loppipoppi.dominoes
android,com.totalcleanerlite.android
android,com.l
android,simplehat.clicker
android,com.tlsvpn.tlstunnel
android,com.newpubco.spades
android,ru.litres.android.readfree
android,app.tv.thefilmes
android,com.multicraft.game
android,free.zaycev.net
android,loppipoppi.ginrummy
android,com.infinitygames.loopenergy
android,com.Appholdings.Plumber3
android,com.sixdays.truckerpath
android,com.free.solitaire.games
android,air.bg.lan.Monopoli
android,loppipoppi.yatzy
android,com.jagplay.client.android.app.thousand.hd
android,com.game.solitaireclassics
android,net.elvista.kozel
android,com.imaginstudio.imagetools.pixellab
android,com.wildec.dating.meet4u
android,com.wildec.meet24
android,io.wormate
android,com.zombodroid.MemeGenerator
android,com.rocketleaguegarage.rlgarage
android,com.games.makewords2
android,com.app.kickoff
android,com.wildec.fastmeet
android,com.rmstudio.triplediamondslots
android,com.playappking.ametalsoldiers2
android,developers.nicotom.fut21
android,mingle.android.mingle2
android,com.tinybuildgames.helloneighbor
android,netplace.hashtags.likes
android,video.player.vidstudiohd
android,com.zengardenapps.ginrummy
android,com.tellurionmobile.primalcraft
android,com.skullcapstudios.bpm
android,com.gmail.joystudio808.nonogram
android,com.protey.doors_challenge2
android,quarecy.crypto
android,com.zealandteam.superhero.spider.fly.simulator
android,com.square_enix.android_googleplay.RSRSWW
android,com.followers.unfollowers
android,com.diwaniyalabs.iKout
android,com.mastobaev.pyramid
android,app.com.megahdseries
android,forex.game
android,com.SimpleSandbox2
android,com.openmygame.games.android.fillwordsoffline
android,com.balysv.loop
android,com.Mod.Among.maps.Us.mcpe
android,com.donkeysoft.wordwowfree
android,com.izumiartisan.rime
android,com.YouKo.BSsim
android,ru.gmsoft.magazines.skanword_zaika_moya
android,com.tapphelp.tvraffikh
android,com.donkeysoft.wordwowbigcity
android,com.RTU.OneLevelThree
android,com.beta.thesuatela.player
android,org.betup
android,com.aaaudi.wordmaker
android,com.decoration.furniture.newforminecraft
android,com.creaturecorp.supermarketcashier.android
android,com.colorphone.twentyeightcall
android,com.rexetstudio.blockstrike
android,com.playappking.busrush
android,air.com.tectum.sudoku
android,com.newpubco.merge
android,com.kkgames.BStarsCaseSimulator
android,com.p74.player
android,net.playwithworld.farkle.dice.android
android,forex.purple
android,com.turborilla.MadSkillsMotocross2
android,com.gym.idle
android,org.speedspot.speedanalytics
android,com.diamond.triple.slots
android,molin.media.hdmovies2020
android,com.turborilla.bmx2
android,com.ookbee.tunwalai.android
android,com.gta.grandtheftauto.cheats.five
android,com.vinforlabteam.vmod
android,de.kamibox.bacon
android,com.secg.terracraft2
android,com.topface.kisskiss
android,com.AlphaoramaLTD.SporeGame
android,com.gamebrain.cartoon
android,de.stollenmayer.philipp.Pop_1_1_Android
android,ru.kuchaknig.android.freebooks.fantasy
android,com.wordscatcher
android,com.protey.doors_challenge
android,altergames.intellect_battle
android,gr.pixelab.sketch
android,com.mingle.BBWPlusSingles
android,com.instasaver.storyforinsta
android,com.adoregames.coastalhill
android,com.rmstudio.pharaohslots
android,com.braveknight.qemoji.and
android,battle.royale.wallpapers.hd
android,com.BoxesAndSafes.brawlSimulator
android,br.com.oba.flix
android,com.SlaydElers.BoxSimulator
android,com.openmygame.games.android.pics
android,love.journey.episode.luv
android,com.jagplay.client.android.app.burkozel
android,com.gametornado.short_life
android,fun.arts.studio.rotate.baraban
android,com.maximko.cuber
android,lv.indycall.client
android,it.spaghettiinteractive.scopapiu
android,com.impactobtl.friendstrackerfree
android,com.joyjetgames.ragbollstickimanssanbdox
android,com.bonbeart.doors4
android,com.gta.grandtheftauto.sanandreas.codes
android,com.amikulich.babysleep
android,team.ggc.kanzitdinov.radioapp
android,com.evertechsandbox
android,net.playwithworld.yatzy.dice.android
android,com.catmario2.hd
android,com.fg.superhero.flash.game
android,hells.cooking.crazy.chef.burger.kitchen.fever.food
android,com.vivuga.scratchtickets
android,com.flat.people
android,com.mokvold.flatzombies_defense_free
android,com.brucemax.boxintervals
android,among.us.soundboard.sound.effect.crewmate.imposter
android,com.weapons.guns.newforminecraft
android,com.weaseldev.ghostdetector
android,aup.baixar.musicas.gratis
android,com.YouKo.SimBrawl
android,com.extremefungames.mototrafficrace2
android,com.shadowbiz.semechki
android,com.cg.fanofguns
android,com.BrutusGames.buildidea
android,ru.appscraft.durak
android,com.lazymasters.wordweekend
android,com.kraftwerk9.smartify
android,com.BrutusGames.penturi
android,com.openmygame.games.android.crossword.plants
android,com.rmstudio.triplefiftypay
android,com.bonbeart.doors3
android,com.braveknight.quiz02
android,com.gmail.dayoffgames.picross2
android,altergames.strong_link
android,it.spaghettiinteractive.tressettepiu
android,bearface.games.merchant
android,com.logickllc.yugipedia.android
android,it.spaghettiinteractive.briscolapiu
android,com.mastobaev.poolandroid
android,game.maddex.jump
android,com.mingle.dateinasia
android,champion.slots.jackpot
android,com.techx2.animeland
android,com.wuliang.xapkinstaller
android,com.mdd.dating
android,com.pixelmoncraftmastercraft.craftingpixel
android,idm.internet.download.manager
android,com.rmstudio.triplehundredslot
android,com.inferno.sinful.puzzle
android,ru.kuchaknig.android.freebooks.love
android,com.diwaniyalabs.iTrix
android,com.craftgames.plntcrft
android,org.aastudio.games.backgammon
android,com.midoin
android,com.littlepako.opusplayer3
android,com.BrutusGames.jocul2
android,com.PlayPops.MonsterEvolution
android,com.donkeysoft.wordwowseasons
android,com.instasaver.repostaforinsta
android,com.anivision
android,ua.lyv.v_b_crossword_demo
android,sk.cards.comcom
android,com.rmstudio.bufaloslots
android,com.Stepbrothers.BrawlStarsBox
android,com.pokehelpers.simplify
android,com.innovate.FilipinoSocial
android,com.hound13.hundredsoulglobal
android,fun.house.maps
android,com.kwikapps.loans.quick
android,com.Zimil.boxSim
android,com.carlovers.ladadrift
android,com.top.live
android,com.artbit.seabattle.game
android,com.monkeyibrow.worldsoccerchamps
android,ar.com.fennoma.psicotest
android,com.wolf.jackpot.slots
android,kekaisurfhouse.patrioticatime.tocalifeworldcityy
android,gr.gamebrain.comica
android,com.tcm.gogoal
android,com.goxal.eighties
android,com.rmstudio.cleopatraslots
android,com.mejoresstickersparazap.stickersconfrases
android,com.svims.tripledollars
android,com.mastercomlimited.racethetraffic
android,com.tellurionmobile.adventurecraft
android,com.meetlove.dating
android,com.craftgames.worldcrft
android,it.spaghettiinteractive.burracopiu
android,com.skwirrl.instasaver
android,hu.tonuzaba.android
android,ps.bitcoinminingplayer.app
android,com.rexetstudio.deathrunportable
android,com.existage.v4
android,com.donkeysoft.aroundtheworld
android,com.greetify.lite
android,com.easy.dragon.virtual.reality.chat
android,com.mingle.EuropianMingle
android,com.lovefeed.dating
android,com.twoheadedshark.rronline
android,ru.kuchaknig.android.freebooks.crime
android,com.svims.newbingogamecards
android,com.CyberGoldfinch.DragonSimulator
android,com.rmstudio.timberwolfslots
android,com.Zimil.simulatorBS
android,com.lucky.block.newforminecraft
android,studio.beauty.up2020
android,com.best.parkour.newforminecraft
android,mingle.android.mingle
android,studio.kilerbigo.kul1milyar
android,com.EvolutionOfGames.EvolutionOfSpecies2
android,com.rmstudio.zeusslots
android,com.admarket.passionpuzzle
android,com.eapps.livecards
android,com.innovate.JapanSocial
android,com.zalivka.animation2
android,com.whisperarts.kids.breastfeeding
android,christmas.maps.wadev
android,com.best.armor.newforminecraft
android,com.t4a.guitartuner
android,com.stickerdagalera.figurinhasparagrupos
android,com.uilmedia.chasecraft
android,com.protey.doors_puzzle_box
android,com.ILXAM.TruckerRealWheel
android,com.fullreader
android,com.moneyracestudios.moneyrace2
android,com.kentenk.guTken3Fightt
android,among.us.fake.call
android,se.hellothere.skilltwinsfootballgame2
android,ru.chat.history
android,com.rexetstudio.prophuntportable
android,com.lust.puzzle
android,com.kraftwerk9.appletv
android,com.ScnStudios.RealCityCarDriver3D
android,com.mob.smashgrounds
android,com.kawaii.craft.world
android,com.mingle.fem
android,com.strict.mkenin.agf.cardgames
android,com.rmstudio.tripledoublediamond
android,com.fitatu.tracker
android,com.blackfinch.currencyconverter
android,com.buffalo.jackpot.slots
android,com.brainsoftduo.selfdevelopment
android,com.infinitygames.harmony
android,com.sugargames.rainbowweb3
android,com.audiosdroid.audiostudio
android,com.innovate.MexicoSocial
android,com.twilala
android,com.DramaProductions.Einkaufen5
android,com.innovate.KoreaSocial
android,xyz.appworld.anime_six
android,com.truckworldgame.euro.american.truck.simulator
android,com.love.academy
android,com.rocketstudioapps.modscphorror
android,com.mejoresstickers.stickersconfrasesgraciosas
android,com.gangstercheat.sanandreas
android,com.innovate.BrazilSocial
android,br.com.paranoidsystemcorp.palpitometro
android,guns.for.minecraft
android,com.olegsheremet.photo_baby
android,com.autocraftt.mapskin.crafting.mcpe
android,it.spaghettiinteractive.scoponepiu
android,com.survival.skyblock.newforminecraft
android,trade.mod.formcpe
android,com.lb4business.cybersphereonline
android,com.pregnancy.tracker.due.date.countdown.contraction.timer
android,com.leonidshkatulo.pistolshooting
android,com.rusdev.pid
android,com.garageapp.alarmchallenges
android,com.kkgames.CaseSimulatorBStars
android,com.oxothuk.erudit
android,com.stickerdagalera.melhoresmemescomfrases
android,com.extremefungames.mototrafficrace
android,com.app.go.player
android,ru.blacktemple.epicmine
android,com.yummyschoolgames.animehighschoolzombie
android,com.artexgames.fairy.mahjong.gp
android,melstudio.mback
android,com.dekovir.pixwords
android,com.sembozdemir.zoomy
android,com.crosswordshop2
android,creepy.momo.fake.call.challenge
android,com.rzkwebdev.qbichodeu.sp
android,com.granny.mods.mcpe.new
android,com.innovate.IndonesiaSocial
android,com.zombodroid.imagecombinerfree
android,com.photo.vault.video.hider
android,ru.gmsoft.magazines.skanword_krepost
android,free.tik.tok.fans.followers.likes.hearts.fame.v2
android,com.ghlabs.religionstickers
android,unimix.studio.wolf.vs.tiger.simulator.wild.animals
android,com.greatcallie.abokiforex
android,com.bestjokeapps.wallscannerxrayprank
android,com.ddm.iptools
android,com.basically.games.baldis.education.learningmathschool.horror.game
android,com.instantvideosaver.fbvideodownloader
android,com.gameout.bhop
android,com.mingle.GermanCupid
android,app.coingram
android,games.wawa
android,com.SZInteractive.TruckSimulatorOffroad2
android,org.speedspot.speedspotspeedtest
android,com.effingo.NewBoxSimulator
android,com.mingle.FranceCupid
android,meet.new.people.make.friends.free.dating.video.chat
android,com.infinitygames.woodblocks3d
android,com.mingle.justsayhi
android,com.horror.haloween.clicker.pumpkin
android,com.mingle.TurkishCupid
android,gamesrehtein.gta.san.andreas
android,com.chess.master3d
android,free.wifi.extract.password.viewer.security.scanner
android,school.mine.maps
android,com.kraftwerk9.tclrc
android,com.bbtv.fernanfloo
android,com.antiway.mastersofmadness
android,androidesko.android.electronicthermometer
android,com.free.fun.simulator.games.my.unicorn.family.simulator.free.game
android,com.OmeGa.CSF
android,creepy.momo.horror.game.chat.fake.video.call.scary.creepypasta.challenge.halloween
android,com.chrawfish.retro_phoenix_arcade_game
android,com.secg.jurassiccraft
android,jp.circley
android,com.BoxesAndSafes.SimBS
android,com.BrutusGames.mobila
android,com.PoxelStudios.CrossyBrakes
android,com.amikulich.fan
android,com.playappking.busrush2
android,melstudio.myogafat
android,zaycev.fm
android,com.brappsnewu.meubeneficiosfamiliarconsultar1
android,com.topface.topface
android,com.copenhagencreators.killersnake
android,com.bikini.bottom.mcpe.mods.skins
android,ge.nextep.ghostdetector
android,com.exotikavg.homepony
android,ru.electronikas.boxpairs
android,com.cutloop.BlockScout
android,net.elvista.checkers
android,com.lunappstudio.wordomaze
android,tasty.cooking.tycoon
android,com.bads.whinmud
android,com.rexetstudio.murdergameportable
android,com.zengardenapps.spades
android,com.gametornado.riorex
android,com.jagplay.client.android.app.durak
android,org.speedspot.speedspot
android,com.CrystalDev.DragonCrystalArena
android,com.tiple100.slots
android,com.mastercomlimited.zombiedrive
android,com.JBRO.HotLavaFloor
android,com.taptaptales.kidecats
android,iaio.descargar.musica.gratis
android,com.bonbeart.doorsseasons.part3
android,com.zamericanenglish
android,creepy.pennywise.the.dancing.killer.bad.clown.fake.video.call.scary.horror.halloween.creepypasta.challenge
android,com.CyberGoldfinch.DogSimulator
android,com.taptaptales.cleoandcuquin
android,com.diamond.slots.deluxe
android,com.szinteractive.TrafficRace
android,com.jrustonapps.myearthquakealerts
android,br.com.orangevoid.sokobanfree
android,com.mastobaev.snooker
android,com.matutex.x_mangas
android,com.alfa.juminjia.gplay
android,com.gametornado.shortride
android,com.merigotech.fillwordsthemes
android,com.esim.numero
android,com.gnom.test
android,com.modmap.armor
android,com.tatem.dinhunterhd
android,fast.dic.dict
android,com.portalmods.forminecraft
android,zebi24.guess_5
android,com.glaznev.sentence
android,com.teremok.influence
android,com.app.redeseries
android,info.magicball.android.free
android,com.gadgetcrafts.GoldRush2
android,com.clicker.zombie.food.heroes.tap
android,com.puzzle.escape
android,it.spaghettiinteractive.scala40piu
android,siren.head.fake.call
android,com.itdeveapps.customaim
android,com.firerabbit.games.fmc.resto.lite
android,com.CyberGoldfinch.TigerSimulator
android,com.rmstudio.wildcherry
android,com.fazbro.us.police.fps.shooter
android,pink.house.maps.mcpe
android,com.purple.vpn
android,skyblock.maps.cda
android,com.onetongames.bmho
android,com.redcannon.creamycakes
android,com.modmap.guns
android,com.modern.houses.newforminecraft
android,com.infinitygames.eureka
android,com.mingle.asianmingle
android,com.CandyGaming.CarGame
android,com.vetasstudio.orso
android,thirty.six.dev.underworld
android,ru.kuchaknig.android.freebooks.scifi
android,com.XonStudio.TUB
android,virtual37.briscolain5
android,com.stickersgraciosos.stickersgraciososconfrases
android,com.igidel.radioplaylist
android,com.craftmaster.mastercraft.new.minicraft
android,game.maddex.action
android,cards.davno.bday.en
android,com.sprbl.supaStrikas
android,com.nusantara.zamanold
android,com.tellurionmobile.raptorcraft
android,com.sugargames.weddingsalon2
android,com.gangtheftautoinception
android,com.gamefirst.Jurassic.Survival.Island.ARK2
android,free.movies.tv.shows.films.series.v2
android,maps.navigation.offline
android,fahrbot.apps.undelete
android,com.truefalse.TrueOrFalse
android,com.RedFun.FKHCU
android,creepy.baldi.exe.basic.math.teacher.education.learning.rip.fake.video.call.scary.horror.halloween.creepypasta.challenge
android,com.weaseldev.ghostvoicebox
android,mansionmaps.house.cda
android,com.innovate.ColombianSocial
android,de.zorillasoft.musicfolderplayer
android,com.brainsoftduo.recipes
android,housemaps.mine.craft.apps
android,com.pijappi.logibrainbinary
android,com.appscraft.mehanic
android,com.PeachHouse.RagdollThrow
android,cars.for.mcpe
android,com.modmap.house
android,com.glowing.toysryan
android,com.openmygame.games.kr.client
android,com.marcdonaldson.biblewordsearch
android,com.bads.fxfdr
android,com.ivanGavrilov.CalcKit
android,com.lb4business.tpsgame
android,com.merigotech.fillwords
android,com.stranded.ocean
android,com.avecreation.highwayracer
android,com.tomato.crossword.collection
android,net.limbersoft.offroad3a
android,com.mastercomlimited.racethetrafficnitro
android,com.twoheadedshark.tco
android,com.weaseldev.goat
android,com.innovate.SouthAfricaSocial
android,com.shepeliok.driving.race.mcar
android,fnzstudios.com.videocrop
android,com.gunsformineand.mcpe
android,com.ihagain.ragdollthrow
android,com.infinitygames.connection
android,com.tatemgames.iceage
android,com.spellbgames.mycraft
android,com.cisana.guidatv.uk
android,gta.grandtheftauto.five.crime
android,com.playinurhome.homewalktrough.helpstricks
android,com.wastickerapps.turkcekomikstickerler
android,com.infinitygames.laserquest
android,com.lightside.caseopener.ultimate
android,com.rmstudio.wildgorilaslots
android,com.anatomyoffun.neighbor
android,com.innovate.BlackPeopleMingle
android,com.portalmods.newforminecraft
android,com.modmap.tnt
android,sword.mods.cda
android,parkourmaps.mine.craft.apps
android,com.ronasoftstudios.biblequiz
android,com.CrunchSquad.HomePony2
android,com.t4a.tuner.violin
android,com.vgs.us.police.limousine.car.quad.bike.transporter.game
android,com.modmap.furniture
android,com.bettermods.minecraft.mods.instahouse
android,com.parapickgames.cartooncathorror
android,com.stickersdeamor.stickerconfrasesdeamor
android,com.mingle.ChileanCupid
android,com.arturos.karaoke
android,com.lincarton.magnum3
android,com.XonStudio.UniversalSandbox
android,com.infinitygames.spidersolitaire
android,com.kommadot.casesimulator
ios,1174039276
ios,1214765807
ios,1538508816
ios,1091150912
ios,1494504770
ios,1102415991
ios,1085652055
ios,1455420370
ios,1494283890
ios,379516970
ios,1503861321
ios,327205553
ios,1135523852
ios,1008508212
ios,991626968
ios,1090348795
ios,1087161387
ios,1523297725
ios,1413085106
ios,1547656189
ios,1258962959
ios,413443169
ios,1509042572
ios,1475608081
ios,1130364998
ios,1322446828
ios,1492160489
ios,1313499187
ios,1083382404
ios,1265035248
ios,1252249963
ios,1444318808
ios,1387853032
ios,1476267933
ios,1351489785
ios,1489972102
ios,868758561
ios,1396053153
ios,513218458
ios,828377094
ios,1154643370
ios,1245180154
ios,1374527964
ios,1375356437
ios,1151618688
ios,595292762
ios,1106603804
ios,1359377762
ios,1530794138
ios,1231737310
ios,1294567179
ios,1435300852
ios,1016562846
ios,1397147638
ios,1027978684
ios,598439078
ios,383076094
ios,900103343
ios,415630723
ios,1233676270
ios,1448262831
ios,895968863
ios,886584755
ios,326461840
ios,1054046926
ios,959502665
ios,1508098285
ios,1524476197
ios,1532721340
ios,1457448378
ios,1318292856
ios,1452108744
ios,1151464344
ios,1025393457
ios,1529492084
ios,553843556
ios,1242807565
ios,1523829592
ios,1313161683
ios,1273891658
ios,665694824
ios,997728895
ios,1505489646
ios,901574501
ios,1237389186
ios,1482248617
ios,1210881611
ios,1465659575
ios,1507198509
ios,1052985771
ios,1441300695
ios,1104796100
ios,528016497
ios,619814752
ios,836670421
ios,1527569819
ios,1521080586
ios,978829173
ios,1351828788
ios,1155162058
ios,1495324535
ios,1239740406
ios,869329921
ios,1351459613
ios,623789705
ios,1380220328
ios,1498315810
ios,881704471
ios,373780572
ios,1361012099
ios,1087085679
ios,1457563932
ios,1141547145
ios,1123685874
ios,1515143626
ios,1145531412
ios,591785897
ios,1492047038
ios,1089890170
ios,337346574
ios,1282383831
ios,538290595
ios,842428499
ios,1022430432
ios,1445675165
ios,1364349504
ios,1442401738
ios,448624691
ios,1084972303
ios,1074034730
ios,1457563715
ios,1108483049
ios,962050549
ios,1118766358
ios,1429849471
ios,1447848420
ios,1441100868
ios,1467189269
ios,1219797995
ios,1076160335
ios,1403477240
ios,962892510
ios,491297400
ios,1505663005
ios,1263840997
ios,1542458343
ios,1532760700
ios,1044531931
ios,977862069
ios,1544054274
ios,1459606409
ios,1527978841
ios,1026470546
ios,1115924768
ios,1141343378
ios,434135994
ios,1515269845
ios,1524309981
ios,1058355648
ios,718142284
ios,1093080523
ios,1503015930
ios,1474373693
ios,1367544612
ios,1044527592
ios,510153374
ios,1230479042
ios,1361498808
ios,1233699435
ios,1545100116
ios,1459630947
ios,1374974523
ios,1434907164
ios,1296600190
ios,1547616227
ios,1538794018
ios,1231784373
ios,1422791215
ios,331302745
ios,970487401
ios,1118882627
ios,1150901618
ios,1075216773
ios,947708258
ios,1229855751
ios,1457046754
ios,1215058822
ios,1448469792
ios,782746890
ios,1329893045
ios,1477941081
ios,1067232789
ios,555281737
ios,529243691
ios,1532434804
ios,1546536146
ios,1516779222
ios,1459498778
ios,1364842664
ios,1273024991
ios,1501731841
ios,653967729
ios,1134511982
ios,911550133
ios,1354186579
ios,1148022751
ios,888622674
ios,1365459776
ios,1545903150
ios,1545360651
ios,1281329354
ios,428146680
ios,1378013971
ios,1197961218
ios,1473126104
ios,1494717311
ios,1319800880
ios,1442564150
ios,1085488038
ios,1380103334
ios,1424349196
ios,1507312039
ios,1087664350
ios,945680681
ios,1327396071
ios,1436433223
ios,581754163
ios,1374308799
ios,995336631
ios,1458847781
ios,933992899
ios,1461751938
ios,989685912
ios,1212022986
ios,949782856
ios,1228730481
ios,1520012635
ios,1440287754
ios,549019596
ios,1406720149
ios,1459738906
ios,1316937847
ios,499564175
ios,1411996568
ios,1434524349
ios,515218331
ios,1440101200
ios,1544780067
ios,964748094
ios,1377208228
ios,1225567974
ios,1178617902
ios,1451691408
ios,1463738498
ios,1481017082
ios,1066091585
ios,1238318956
ios,1060659273
ios,966536279
ios,1528652680
ios,924010506
ios,1262875942
ios,1375569360
ios,1388835234
ios,1455257170
ios,1148385128
ios,1251326780
ios,866990710
ios,1073082439
ios,529486638
ios,1444627842
ios,1548183624
ios,593567385
ios,1118864583
ios,1274164909
ios,1288758206
ios,1051203011
ios,1151154887
ios,1523072830
ios,1412773762
ios,902988718
ios,1050400629
ios,1157485146
ios,966005420
ios,1100264694
ios,1205449524
ios,838762361
ios,1337667848
ios,1242159382
ios,1120127309
ios,648668184
ios,426472181
ios,977028266
ios,1049177664
ios,1215087820
ios,1419541072
ios,1271316257
ios,1442223084
ios,1078632116
ios,707512888
ios,364201083
ios,1369950657
ios,592821981
ios,1192698328
ios,1175031987
ios,669947262
ios,1501295512
ios,1470024032
ios,579984325
ios,1509778542
ios,1292316109
ios,1228058177
ios,1483014548
ios,979953503
ios,777280890
ios,1454542886
ios,1323521702
ios,1513548318
ios,1375487394
ios,1386727308
ios,960246670
ios,1133098538
ios,378722461
ios,1536116522
ios,1514829444
ios,1089084515
ios,1052958358
ios,982511528
ios,1417137923
ios,1511472510
ios,1454167983
ios,695198278
ios,1436170143
ios,1159852913
ios,640483745
ios,1477544926
ios,829645711
ios,1080184043
ios,1350823806
ios,979339825
ios,1485345280
ios,1462454944
ios,1541056371
ios,1533524971
ios,1546181177
ios,1396555870
ios,1527052383
ios,1093622302
ios,1529423704
ios,994411234
ios,858620699
ios,1438764152
ios,824231029
ios,376412660
ios,1078031626
ios,1519256656
ios,1476412372
ios,1252568150
ios,1459969523
ios,1076496527
ios,923073855
ios,1247782302
ios,1331881354
ios,1488086383
ios,900345065
ios,1310609863
ios,1090857568
ios,1215670487
ios,470587400
ios,965965461
ios,1318177580
ios,1168166927
ios,1434230685
ios,892333518
ios,1530515532
ios,1247642305
ios,1508555473
ios,1481953372
ios,1380195249
ios,322978286
ios,1523244079
ios,1104649246
ios,1426158268
ios,986709487
ios,889854362
ios,1439335631
ios,1265760747
ios,1533044700
ios,1131307701
ios,1516548776
ios,1037758394
ios,683690574
ios,1292598866
ios,1325088893
ios,683717703
ios,429774218
ios,303486832
ios,1438274220
ios,1517576509
ios,1439238321
ios,1269488960
ios,1257353838
ios,505446332
ios,1541626394
ios,802252909
ios,1115823222
ios,1415025083
ios,1446730341
ios,1152267570
ios,378161776
ios,1545898163
ios,1246655623
ios,1288087518
ios,1509300962
ios,1501516587
ios,808810930
ios,1040093707
ios,1457010022
ios,1328223125
ios,1373185316
ios,1464886822
ios,1418889165
ios,1468882166
ios,1353768738
ios,1528244199
ios,370451918
ios,1491619361
ios,834533527
ios,1512791698
ios,1324865091
ios,1495581633
ios,1224936760
ios,1514152411
ios,440706849
ios,1543663919
ios,1085488332
ios,1023218196
ios,925324244
ios,1203725149
ios,1246240961
ios,1278919579
ios,879406753
ios,1335922378
ios,1246240603
ios,1017286697
ios,1515271512
ios,1385395001
ios,1377091878
ios,579075891
ios,1136183233
ios,953158920
ios,571605248
ios,1478307864
ios,1469510500
ios,1357672035
ios,650371821
ios,1301967636
ios,721562846
ios,1278922336
ios,1044550527
ios,1139650210
ios,1517717051
ios,1484096926
ios,1086483007
ios,1519736382
ios,1024953824
ios,1256527196
ios,1491718246
ios,1499382942
ios,1245615580
ios,975222167
ios,1312626695
ios,885367198
ios,1354515688
ios,1441426628
ios,1291193687
ios,964825232
ios,1453229363
ios,1040968153
ios,1410778011
ios,1521990466
ios,329848247
ios,382586722
ios,571346544
ios,1462365365
ios,1228259820
ios,446764832
ios,1093102268
ios,1476057706
ios,1438498159
ios,1037090993
ios,1521151230
ios,1505615335
ios,1509061968
ios,1420960918
ios,1532398273
ios,995786938
ios,496556781
ios,996967521
ios,1435144729